State,Raised,Religion
Albania,2800138,Total
Albania,69995,Atheist
Albania,280921,Catholic
Albania,3797,Evangelical
Albania,1587608,Muslim
Albania,188992,Orthodox
Albania,602,Other
Albania,1919,Other Christians
Albania,386024,Refused to answer
Albania,58628,Bektashism
Albania,153630,Believers without de
Albania,68022,Not Stated
Antigua and Barbuda,76886,Total
Antigua and Barbuda,19767,Anglican
Antigua and Barbuda,51,Baha'i
Antigua and Barbuda,3777,Baptist
Antigua and Barbuda,194,Brethren
Antigua and Barbuda,3443,Church of God
Antigua and Barbuda,1982,Evangelical
Antigua and Barbuda,189,Hindu
Antigua and Barbuda,228,Islam 
Antigua and Barbuda,1257,Jehovah Witness
Antigua and Barbuda,6091,Methodist
Antigua and Barbuda,8057,Moravian
Antigua and Barbuda,8118,Pentecostal
Antigua and Barbuda,205,Presbyterian
Antigua and Barbuda,973,Rastafarian
Antigua and Barbuda,8021,Roman Catholic
Antigua and Barbuda,444,Salvation Army
Antigua and Barbuda,9436,Seventh Day Adventis
Antigua and Barbuda,66,Spiritualist
Antigua and Barbuda,116,Other
Antigua and Barbuda,3145,No Religion
Antigua and Barbuda,1329,Not Declared
Armenia,3018854,Total
Armenia,2796519,Armenian Apostolic
Armenia,7532,Armenian Orthodox
Armenia,13843,Catholic
Armenia,29280,Evangelical
Armenia,5434,Pagan
Armenia,7888,Other
Armenia,34373,No Religion
Armenia,87214,Not Stated
Armenia,8695,Yeshiva's witness
Armenia,2872,Molokai
Armenia,25204,Shar-fadinian
Aruba,101484,Total
Aruba,880,Adventist
Aruba,450,Anglican
Aruba,1703,Jehovah Witness
Aruba,354,Jewish
Aruba,932,Methodist
Aruba,5625,Pagan
Aruba,2698,Protestant
Aruba,76464,Roman Catholic
Aruba,5625,No Religion
Aruba,515,Not Stated
Aruba,11862,Other Religions and 
Australia,21507719,Total
Australia,3679907,Anglican
Australia,13705,Baha'i
Australia,352499,Baptist
Australia,21732,Brethren
Australia,528979,Buddhist
Australia,5439266,Catholic
Australia,49688,Church of Christ
Australia,2973,Druze
Australia,563072,Eastern Orthodox
Australia,275536,Hindu
Australia,476291,Islam 
Australia,97334,Judaism
Australia,59770,Latter Day Saints
Australia,251932,Lutheran
Australia,237984,Pentecostal
Australia,60162,Salvation Army
Australia,63002,Seventh Day Adventis
Australia,72296,Sikh
Australia,11553,Spiritualist
Australia,1065794,United Church
Australia,37674,Other Christians
Australia,60240,Other Protestant
Australia,18893,Other Religions
Australia,4796786,No Religion
Australia,170401,Not Specified
Australia,85636,Jehovah's Witnesses
Australia,1839650,Not Stated
Australia,470939,Christian nfd
Australia,5151,Chinese Religions
Australia,599517,Presbyterian and Ref
Australia,1640,Japanese Religions
Australia,32083,Nature and earth bas
Australia,2012,Theism
Australia,2541,Zoroastrianism
Australia,7362,Australian Aborigina
Australia,10588,Assyrian Apostolic
Australia,41261,Oriental Orthodox
Austria,8032926,Total
Austria,8032926,Total
Austria,1824,Armenian Apostolic
Austria,1824,Armenian Apostolic
Austria,760,Baha'i
Austria,760,Baha'i
Austria,2108,Baptist
Austria,2108,Baptist
Austria,10402,Buddhist
Austria,10402,Buddhist
Austria,764,Catholic
Austria,764,Catholic
Austria,1152,Christengmeinschaft
Austria,1152,Christengmeinschaft
Austria,2317,Church of England
Austria,2317,Church of England
Austria,4892,Evangelical
Austria,4892,Evangelical
Austria,1089,Greek Oriental
Austria,1089,Greek Oriental
Austria,18533,Greek Orthodox
Austria,18533,Greek Orthodox
Austria,3629,Hindu
Austria,3629,Hindu
Austria,338988,Islam 
Austria,338988,Islam 
Austria,23206,Jehovah Witness
Austria,23206,Jehovah Witness
Austria,8140,Jewish
Austria,8140,Jewish
Austria,2236,Latter Day Saints
Austria,2236,Latter Day Saints
Austria,381,Mennonite
Austria,381,Mennonite
Austria,1263,Methodist
Austria,1263,Methodist
Austria,4217,New Apostolic
Austria,4217,New Apostolic
Austria,14621,Old Catholic Church
Austria,14621,Old Catholic Church
Austria,159115,Orthodox
Austria,159115,Orthodox
Austria,376150,Protestant
Austria,376150,Protestant
Austria,5915421,Roman Catholic
Austria,5915421,Roman Catholic
Austria,4220,Seventh Day Adventis
Austria,4220,Seventh Day Adventis
Austria,123,Shinto
Austria,123,Shinto
Austria,2794,Sikh
Austria,2794,Sikh
Austria,297,Unification
Austria,297,Unification
Austria,1745,Other Religions
Austria,1745,Other Religions
Austria,963263,No Religion
Austria,963263,No Religion
Austria,160662,Not Specified
Austria,160662,Not Specified
Austria,1428,Christian Community
Austria,1428,Christian Community
Austria,7186,Free Christian Commu
Austria,7186,Free Christian Commu
Bahamas,303611,Total
Bahamas,45993,Anglican
Bahamas,3611,Assembly of God
Bahamas,107354,Baptist
Bahamas,6540,Brethren
Bahamas,14641,Church of God
Bahamas,292,Islam 
Bahamas,3706,Jehovah Witness
Bahamas,228,Jewish
Bahamas,532,Lutheran
Bahamas,12903,Methodist
Bahamas,517,Pentecostal
Bahamas,851,Presbyterian
Bahamas,738,Rastafarian
Bahamas,41077,Roman Catholic
Bahamas,11066,Seventh Day Adventis
Bahamas,19414,Other Christians
Bahamas,24527,Other Religions
Bahamas,227,Other Non-Christians
Bahamas,8896,Not Stated
Bahamas,498,Greek Church
Bahrain,650604,Total
Bahrain,58315,Christian
Bahrain,528393,Muslim
Bahrain,63896,Other Religions
Bangladesh,124355263,Total
Bangladesh,773949,Buddhist
Bangladesh,388855,Christian
Bangladesh,11608268,Hindu
Bangladesh,111393250,Muslim
Bangladesh,190941,Other
Barbados,250010,Total
Barbados,13726,Adventist
Barbados,70705,Anglican
Barbados,178,Baha'i
Barbados,4689,Baptist
Barbados,1600,Brethren
Barbados,4966,Church of God
Barbados,840,Hindu
Barbados,4902,Jehovah Witness
Barbados,96,Jewish
Barbados,12665,Methodist
Barbados,3352,Moravian
Barbados,214,Mormon
Barbados,1657,Muslim
Barbados,46726,Pentecostal
Barbados,2859,Rastafarian
Barbados,10443,Roman Catholic
Barbados,1057,Salvation Army
Barbados,16609,Other Christians
Barbados,43245,No Religion
Barbados,8188,Not Specified
Barbados,1293,Other Non-Christians
Belize,232111,Total
Belize,12386,Anglican
Belize,205,Baha'i
Belize,8077,Baptist
Belize,367,Hindu
Belize,3366,Jehovah Witness
Belize,9497,Mennonite
Belize,8024,Methodist
Belize,928,Mormon
Belize,243,Muslim
Belize,6117,Nazarene
Belize,17189,Pentecostal
Belize,115035,Roman Catholic
Belize,371,Salvation Army
Belize,12160,Seventh Day Adventis
Belize,14984,Other Religions
Belize,21795,No Religion
Belize,1367,Not Specified
Bermuda,64237,Total
Bermuda,5497,African Methodist Ep
Bermuda,10138,Anglican
Bermuda,124,Baha'i
Bermuda,786,Baptist
Bermuda,652,Brethren
Bermuda,1001,Church of God
Bermuda,850,Jehovah Witness
Bermuda,135,Jewish
Bermuda,251,Lutheran
Bermuda,1747,Methodist
Bermuda,616,Muslim
Bermuda,5309,Non-denominational
Bermuda,2246,Pentecostal
Bermuda,1300,Presbyterian
Bermuda,212,Rastafarian
Bermuda,9340,Roman Catholic
Bermuda,708,Salvation Army
Bermuda,4273,Seventh Day Adventis
Bermuda,1527,Other
Bermuda,4399,Other Religions
Bermuda,253,Ethiopian Orthodox
Bermuda,1407,Not Stated
Bermuda,11466,None
Botswana,1189688,Total
Botswana,71329,Badimo
Botswana,713,Baha'i
Botswana,852160,Christian
Botswana,3017,Hindu
Botswana,5036,Muslim
Botswana,7639,Other
Botswana,244832,No Religion
Botswana,4962,Unknown
Brazil,190755799,Total
Brazil,1561071,Adventist
Brazil,12314410,Assembly of God
Brazil,3723853,Baptist
Brazil,243966,Buddhist
Brazil,1393208,Jehovah Witness
Brazil,107329,Jewish
Brazil,999498,Lutheran
Brazil,340938,Methodist
Brazil,921209,Presbyterian
Brazil,61739,Spiritualist
Brazil,1953260,Other Religions
Brazil,15335510,No Religion
Brazil,643598,Not Specified
Brazil,241941,Not Declared
Brazil,560781,Brasilian Apostolic 
Brazil,167363,Candomble
Brazil,2289634,Christian Congregati
Brazil,3848876,Espiritia
Brazil,845383,God is Love
Brazil,131571,Orthodox Catholic
Brazil,8047813,Other Evangelical Pe
Brazil,9358386,Other Traditional Ev
Brazil,123280172,Roman Apostolic Cath
Brazil,407331,Umbanda
Brazil,1873243,Universal of the Kin
Brazil,103716,Messianica
Bulgaria,7364570,Total
Bulgaria,7364570,Total
Bulgaria,1715,Armeno-Gregorian
Bulgaria,1715,Armeno-Gregorian
Bulgaria,48945,Catholic
Bulgaria,48945,Catholic
Bulgaria,4374135,Eastern Orthodox
Bulgaria,4374135,Eastern Orthodox
Bulgaria,577139,Muslim
Bulgaria,577139,Muslim
Bulgaria,64476,Protestant
Bulgaria,64476,Protestant
Bulgaria,706,Yiddish
Bulgaria,706,Yiddish
Bulgaria,9023,Other
Bulgaria,9023,Other
Bulgaria,272264,No Religion
Bulgaria,272264,No Religion
Bulgaria,409898,Not Specified
Bulgaria,409898,Not Specified
Bulgaria,1606269,Unknown
Bulgaria,1606269,Unknown
Bulgaria,7928901,Total
Bulgaria,7928901,Total
Bulgaria,6500,Armeno-Gregorian
Bulgaria,6500,Armeno-Gregorian
Bulgaria,43811,Catholic
Bulgaria,43811,Catholic
Bulgaria,6552751,Eastern Orthodox
Bulgaria,6552751,Eastern Orthodox
Bulgaria,966978,Muslim
Bulgaria,966978,Muslim
Bulgaria,42308,Protestant
Bulgaria,42308,Protestant
Bulgaria,653,Yiddish
Bulgaria,653,Yiddish
Bulgaria,7784,Other
Bulgaria,7784,Other
Bulgaria,24807,Not Specified
Bulgaria,24807,Not Specified
Bulgaria,283309,Unknown
Bulgaria,283309,Unknown
Burkina Faso,14017262,Total
Burkina Faso,2150309,Animist
Burkina Faso,2664236,Catholic
Burkina Faso,8485149,Muslim
Burkina Faso,585154,Protestant
Burkina Faso,79485,Other
Burkina Faso,52929,No Religion
Burkina Faso,10312609,Total
Burkina Faso,2444088,Animist
Burkina Faso,1711893,Catholic
Burkina Faso,5764748,Muslim
Burkina Faso,309378,Protestant
Burkina Faso,20625,Other
Burkina Faso,61876,Other Religions
Burkina Faso,61876,No Religion
Burundi,8053574,Total
Burundi,185361,Adventist
Burundi,4941833,Catholic
Burundi,200509,Muslim
Burundi,1722039,Protestant
Burundi,2747,Traditional
Burundi,494533,Other Religions
Burundi,25454,Jehovah's Witnesses
Burundi,491098,Unknown
Cambodia,13395682,Total
Cambodia,12984523,Buddhist
Cambodia,50056,Christian
Cambodia,257022,Islam 
Cambodia,104081,Other
Canada,32852325,Total
Canada,64940,Aboriginal spiritual
Canada,66940,Adventist
Canada,36280,Agnostic
Canada,1631845,Anglican
Canada,1220,Antiochian Orthodox 
Canada,13730,Armenian Orthodox
Canada,5700,Associated Gospel
Canada,48675,Atheist
Canada,18945,Baha'i
Canada,635840,Baptist
Canada,366830,Buddhist
Canada,1960,Charismatic Renewal
Canada,3000,Christadelphian
Canada,2510,Christian Congregati
Canada,50720,Christian and Missio
Canada,5370,Christian or Plymout
Canada,65395,Christian Reformed C
Canada,15815,Church of Christ
Canada,105365,Church of Jesus Chri
Canada,7290,Church of God
Canada,9015,Church of Nazarene
Canada,16255,Coptic Orthodox
Canada,2290,Doukhobors
Canada,4355,Dutch Reformed
Canada,92650,Evangelical
Canada,6545,Evangelical Free Chu
Canada,7820,Evangelical Missiona
Canada,10555,Free Methodists
Canada,870,Gnostic
Canada,220255,Greek Orthodox
Canada,497960,Hindu
Canada,3450,Humanist
Canada,1815,Interdenominational
Canada,1053945,Islam 
Canada,3320,Jains
Canada,137780,Jehovah Witness
Canada,329500,Jewish
Canada,478180,Lutheran
Canada,179195,Mennonite
Canada,22750,Methodist
Canada,520,Mission de l'Esprit 
Canada,5020,Moravian
Canada,2225,New Age
Canada,5220,New Apostolic
Canada,43595,Non-denominational
Canada,15270,Pagan
Canada,478705,Pentecostal
Canada,472385,Presbyterian
Canada,550965,Protestant nfd
Canada,2725,Quakers
Canada,1060,Rastafarian
Canada,3300,Reorganized Church o
Canada,12728880,Roman Catholic
Canada,7085,Romanian Orthodox
Canada,25245,Russian Orthodox
Canada,70955,Salvation Army
Canada,1050,Satanist
Canada,1745,Scientology
Canada,22780,Serbian Orthodox
Canada,915,Shinto
Canada,454960,Sikh
Canada,4315,Spiritualist
Canada,840,Swedenborgian (New C
Canada,3625,Taoist
Canada,23845,Ukrainian Orthodox
Canada,15125,Unitarian
Canada,2007610,United Church
Canada,2565,Unity-New Thought-Pa
Canada,1585,Vineyard Christian F
Canada,13290,Wesleyan
Canada,600,Worldwide Church of 
Canada,6130,Zoroastrian
Canada,28865,Other Catholic
Canada,6145,Other Christians
Canada,220270,Other Orthodox Churc
Canada,53685,Other Religions
Canada,22965,Other Reformed Churc
Canada,7762200,No Religion
Canada,51790,Ukrainian Catholic
Canada,1600,Apostolic Christian 
Canada,18110,Brethren in Christ
Canada,2013,Christians
Canada,10120,Canadian Reformed Ch
Cayman Islands,55036,Total
Cayman Islands,2252,Anglican
Cayman Islands,4541,Baptist
Cayman Islands,12460,Church of God
Cayman Islands,613,Jehovah Witness
Cayman Islands,2908,Non-denominational
Cayman Islands,3916,Pentecostal
Cayman Islands,7745,Roman Catholic
Cayman Islands,5171,Seventh Day Adventis
Cayman Islands,1335,Wesleyan
Cayman Islands,3892,Other
Cayman Islands,335,Not Stated
Cayman Islands,5116,None
Cayman Islands,4750,Presbyterian and Ref
Chile,11226309,Total
Chile,11226309,Total
Chile,7853428,Catholic
Chile,7853428,Catholic
Chile,1699725,Evangelical
Chile,1699725,Evangelical
Chile,119455,Jehovah Witness
Chile,119455,Jehovah Witness
Chile,14976,Judaism
Chile,14976,Judaism
Chile,103735,Mormon
Chile,103735,Mormon
Chile,2894,Muslim
Chile,2894,Muslim
Chile,6959,Orthodox
Chile,6959,Orthodox
Chile,493147,Other Religions
Chile,493147,Other Religions
Chile,0,No religion
Chile,0,No religion
Cook Islands,15324,Total
Cook Islands,310,Apostolic
Cook Islands,558,Assembly of God
Cook Islands,565,Church of Jesus Chri
Cook Islands,325,Jehovah Witness
Cook Islands,2599,Roman Catholic
Cook Islands,1154,Seventh Day Adventis
Cook Islands,786,Other
Cook Islands,579,No Religion
Cook Islands,383,Unknown
Croatia,4437460,Total
Croatia,3001,Adventist
Croatia,132532,Agnostic
Croatia,1981,Baptist
Croatia,4053,Calvinist
Croatia,3897332,Catholic
Croatia,3339,Evangelical
Croatia,6219,Greek Catholic
Croatia,56777,Islam 
Croatia,6094,Jehovah Witness
Croatia,495,Jewish
Croatia,15,Methodist
Croatia,303,Old Catholic Church
Croatia,195969,Orthodox
Croatia,336,Pentecostal
Croatia,4764,Other Religions
Croatia,98376,Non-believers
Croatia,25874,Unknown
Cyprus,689565,Total
Cyprus,689565,Total
Cyprus,6839,Anglican
Cyprus,6839,Anglican
Cyprus,1741,Armenian church
Cyprus,1741,Armenian church
Cyprus,1500,Atheist
Cyprus,1500,Atheist
Cyprus,3930,Maronite church
Cyprus,3930,Maronite church
Cyprus,4182,Muslim
Cyprus,4182,Muslim
Cyprus,653635,Orthodox
Cyprus,653635,Orthodox
Cyprus,10240,Roman Catholic
Cyprus,10240,Roman Catholic
Cyprus,6505,Other
Cyprus,6505,Other
Cyprus,993,Not Stated
Cyprus,993,Not Stated
Czech Republic,10436560,Total
Czech Republic,10436560,Total
Czech Republic,1058,Atheist
Czech Republic,1058,Atheist
Czech Republic,10865,Brethren
Czech Republic,10865,Brethren
Czech Republic,9883,Catholic
Czech Republic,9883,Catholic
Czech Republic,9377,Christian
Czech Republic,9377,Christian
Czech Republic,39229,Czechoslovak Hussite
Czech Republic,39229,Czechoslovak Hussite
Czech Republic,51858,Evangelical
Czech Republic,51858,Evangelical
Czech Republic,1730,Old Catholic Church
Czech Republic,1730,Old Catholic Church
Czech Republic,20533,Orthodox
Czech Republic,20533,Orthodox
Czech Republic,1082463,Roman Catholic
Czech Republic,1082463,Roman Catholic
Czech Republic,7391,Seventh Day Adventis
Czech Republic,7391,Seventh Day Adventis
Czech Republic,209028,Other Religions
Czech Republic,209028,Other Religions
Czech Republic,3604095,No Religion
Czech Republic,3604095,No Religion
Czech Republic,705368,Not Specified
Czech Republic,705368,Not Specified
Czech Republic,13069,Jehovah's Witnesses
Czech Republic,13069,Jehovah's Witnesses
Czech Republic,8158,Silesian Evangelical
Czech Republic,8158,Silesian Evangelical
Dominica,68635,Total
Dominica,423,Anglican
Dominica,2798,Baptist
Dominica,819,Church of God
Dominica,139,Islam 
Dominica,805,Jehovah Witness
Dominica,2572,Methodist
Dominica,3863,Pentecostal
Dominica,879,Rastafarian
Dominica,42174,Roman Catholic
Dominica,4144,Seventh Day Adventis
Dominica,252,Other
Dominica,4882,Other Evangelical Ch
Dominica,4165,No Religion
Dominica,720,Not Specified
Estonia,1094564,Total
Estonia,1194,Adventist
Estonia,341,Apostolic
Estonia,4507,Baptist
Estonia,1145,Buddhist
Estonia,121,Hare Rama Hare Krish
Estonia,142,Hindu
Estonia,3938,Jehovah Witness
Estonia,355,Judaism
Estonia,108513,Lutheran
Estonia,1098,Methodist
Estonia,185,Mormon
Estonia,1508,Muslim
Estonia,272,New Age
Estonia,2605,Old Believers
Estonia,176773,Orthodox
Estonia,341,Pagan
Estonia,1855,Pentecostal
Estonia,4501,Roman Catholic
Estonia,120,Satanist
Estonia,100,Spiritualist
Estonia,144,Taoist
Estonia,1899,Other Christians
Estonia,1228,Other Religions
Estonia,157216,Refused to answer
Estonia,592588,No Religion
Estonia,1804,Not Specified
Estonia,99,Church of Charismati
Estonia,269,Church of Christian 
Estonia,291,Estonian Ancient Bel
Estonia,160,Russian Catholic Ort
Estonia,124,Ukrainian Greek-Cath
Estonia,79,Charismatic Episcopa
Estonia,2972,Taara or Earth Belie
Estonia,2189,Christian Free Congr
Estonia,23888,Unknown
Falkland Islands (Ma,2955,Total
Falkland Islands (Ma,12,Baha'i
Falkland Islands (Ma,5,Buddhist
Falkland Islands (Ma,1985,Christian
Falkland Islands (Ma,9,Hindu
Falkland Islands (Ma,1,Jewish
Falkland Islands (Ma,9,Muslim
Falkland Islands (Ma,11,Other
Falkland Islands (Ma,931,None
Fiji,837271,Total
Fiji,6313,Anglican
Fiji,47778,Assembly of God
Fiji,76433,Catholic
Fiji,233393,Hindu
Fiji,289923,Methodist
Fiji,52520,Muslim
Fiji,32308,Seventh Day Adventis
Fiji,2577,Sikh
Fiji,86781,Other Christians
Fiji,2172,Other Religions
Fiji,7073,No Religion
Finland,5375276,Total
Finland,3648,Adventist
Finland,568,Baha'i
Finland,2356,Baptist
Finland,10640,Catholic
Finland,10,Christian
Finland,14485,Free Church in Finla
Finland,9393,Islam 
Finland,19094,Jehovah Witness
Finland,1208,Jewish
Finland,3225,Latter Day Saints
Finland,4207192,Lutheran
Finland,1301,Methodist
Finland,58449,Orthodox
Finland,7573,Other Lutheran Churc
Finland,2402,Other Orthodox Churc
Finland,1303,Other Religions
Finland,1032429,No Religion
Georgia,4371535,Total
Georgia,171139,Armeno-Gregorian
Georgia,34727,Catholic
Georgia,3541,Jewish
Georgia,433784,Muslim
Georgia,33468,Other
Georgia,12,Not Specified
Georgia,28631,None
Georgia,3666233,Christian Orthodox
Ghana,24658823,Total
Ghana,3230996,Catholic
Ghana,4345723,Islam 
Ghana,6980792,Pentecostal
Ghana,4534178,Protestant
Ghana,1270272,Traditional
Ghana,2800871,Other Christians
Ghana,193914,Other Religions
Ghana,1302077,No Religion
Ghana,1154352,No Religion
Gibraltar,27495,Total
Gibraltar,1920,Church of England
Gibraltar,491,Hindu
Gibraltar,584,Jewish
Gibraltar,1102,Muslim
Gibraltar,21470,Roman Catholic
Gibraltar,259,Other
Gibraltar,883,Other Christians
Gibraltar,786,No Religion
Hungary,9937628,Total
Hungary,6213,Adventist
Hungary,147386,Atheist
Hungary,18211,Baptist
Hungary,1153454,Calvinist
Hungary,179176,Greek Catholic
Hungary,10965,Jewish
Hungary,215093,Lutheran
Hungary,13710,Orthodox
Hungary,3691389,Roman Catholic
Hungary,84506,Other
Hungary,1357,Other Catholic
Hungary,58301,Other Protestant
Hungary,2698844,Not Declared
Hungary,1659023,None
India,1028610328,Total
India,7955207,Buddhist
India,24080016,Christian
India,827578868,Hindu
India,4225053,Jains
India,138188240,Muslim
India,19215730,Sikh
India,6639626,Other
India,727588,Not Specified
Indonesia,201241999,Total
Indonesia,1694682,Buddhist
Indonesia,6134902,Catholic
Indonesia,3651939,Hindu
Indonesia,177528772,Muslim
Indonesia,11820075,Protestant
Indonesia,411629,Other
Iran (Islamic Republ,75149669,Total
Iran (Islamic Republ,75149669,Total
Iran (Islamic Republ,117704,Christian
Iran (Islamic Republ,117704,Christian
Iran (Islamic Republ,8756,Jewish
Iran (Islamic Republ,8756,Jewish
Iran (Islamic Republ,74682938,Muslim
Iran (Islamic Republ,74682938,Muslim
Iran (Islamic Republ,25271,Zoroastrian
Iran (Islamic Republ,25271,Zoroastrian
Iran (Islamic Republ,49101,Other Religions
Iran (Islamic Republ,49101,Other Religions
Iran (Islamic Republ,265899,Not Specified
Iran (Islamic Republ,265899,Not Specified
Ireland,4588252,Total
Ireland,4588252,Total
Ireland,3521,Agnostic
Ireland,3521,Agnostic
Ireland,14043,Apostolic
Ireland,14043,Apostolic
Ireland,3905,Atheist
Ireland,3905,Atheist
Ireland,520,Baha'i
Ireland,520,Baha'i
Ireland,3531,Baptist
Ireland,3531,Baptist
Ireland,336,Brethren
Ireland,336,Brethren
Ireland,8703,Buddhist
Ireland,8703,Buddhist
Ireland,41161,Christian
Ireland,41161,Christian
Ireland,129039,Church of Ireland
Ireland,129039,Church of Ireland
Ireland,4188,Evangelical
Ireland,4188,Evangelical
Ireland,10688,Hindu
Ireland,10688,Hindu
Ireland,6149,Jehovah Witness
Ireland,6149,Jehovah Witness
Ireland,1984,Jewish
Ireland,1984,Jewish
Ireland,1279,Lapsed Roman Catholi
Ireland,1279,Lapsed Roman Catholi
Ireland,1284,Latter Day Saints
Ireland,1284,Latter Day Saints
Ireland,5683,Lutheran
Ireland,5683,Lutheran
Ireland,6842,Methodist
Ireland,6842,Methodist
Ireland,49204,Muslim
Ireland,49204,Muslim
Ireland,45223,Orthodox
Ireland,45223,Orthodox
Ireland,1940,Pantheism
Ireland,1940,Pantheism
Ireland,24600,Presbyterian
Ireland,24600,Presbyterian
Ireland,5326,Protestant
Ireland,5326,Protestant
Ireland,925,Quakers
Ireland,925,Quakers
Ireland,3861335,Roman Catholic
Ireland,3861335,Roman Catholic
Ireland,14118,Other Religions
Ireland,14118,Other Religions
Ireland,269811,No Religion
Ireland,269811,No Religion
Ireland,72914,Not Stated
Ireland,72914,Not Stated
Israel,5567100,Total
Israel,122400,Christian
Israel,92655,Druze
Israel,4476225,Jewish
Israel,808375,Muslim
Israel,67445,Other
Jamaica,2684256,Total
Jamaica,74995,Anglican
Jamaica,269,Baha'i
Jamaica,180626,Baptist
Jamaica,23647,Brethren
Jamaica,121264,Church of God of Pro
Jamaica,1839,Hindu
Jamaica,1511,Islam 
Jamaica,50843,Jehovah Witness
Jamaica,506,Judaism
Jamaica,43362,Methodist
Jamaica,18351,Moravian
Jamaica,295209,Pentecostal
Jamaica,29028,Rastafarian
Jamaica,36309,Revived
Jamaica,58010,Roman Catholic
Jamaica,322202,Seventh Day Adventis
Jamaica,55419,United Church
Jamaica,246790,Other Church of God
Jamaica,169000,Other Religions
Jamaica,571988,No Religion
Jamaica,61403,Not Specified
Jamaica,192128,New Testament Church
Jamaica,129557,Church of God in Jam
Kenya,38412088,Total
Kenya,9010684,Catholic
Kenya,53393,Hindu
Kenya,4304798,Muslim
Kenya,18307466,Protestant
Kenya,635352,Traditional
Kenya,4559584,Other Christians
Kenya,557450,Other Religions
Kenya,922128,No Religion
Kenya,61233,Unknown
Kiribati,103058,Total
Kiribati,390,Assembly of God
Kiribati,2322,Baha'i
Kiribati,57503,Catholic
Kiribati,360,Church of God
Kiribati,4802,Mormon
Kiribati,119,Muslim
Kiribati,2085,Seventh Day Adventis
Kiribati,265,Other
Kiribati,51,No Religion
Kiribati,34528,Kempsville Presbyter
Kiribati,421,Te koaua
Kiribati,212,Unknown
Lao People's Democra,5621982,Total
Lao People's Democra,1826,Animist
Lao People's Democra,3755156,Buddhist
Lao People's Democra,84750,Christian
Lao People's Democra,1044,Muslim
Lao People's Democra,1739009,Other
Lao People's Democra,40197,Not Stated
Liberia,3476608,Total
Liberia,2975675,Christian
Liberia,424685,Muslim
Liberia,20134,Traditional
Liberia,5426,Other Religions
Liberia,50688,No Religion
Liechtenstein,36149,Total
Liechtenstein,148,Buddhist
Liechtenstein,1960,Islam 
Liechtenstein,27450,Roman Catholic
Liechtenstein,133,Other
Liechtenstein,104,Other Christians
Liechtenstein,258,Other Protestant
Liechtenstein,1952,No Afiliation
Liechtenstein,925,Not Specified
Liechtenstein,415,Christian Orthodox
Liechtenstein,2343,Protestant Reformed
Liechtenstein,461,Protestant Lutheran
Lithuania,3483972,Total
Lithuania,3483972,Total
Lithuania,2207,All Gospel Church
Lithuania,2207,All Gospel Church
Lithuania,30,Armenian Apostolic
Lithuania,30,Armenian Apostolic
Lithuania,31,Baha'i
Lithuania,31,Baha'i
Lithuania,1270,Balts Believers
Lithuania,1270,Balts Believers
Lithuania,1249,Baptist
Lithuania,1249,Baptist
Lithuania,408,Buddhist
Lithuania,408,Buddhist
Lithuania,275,Christian
Lithuania,275,Christian
Lithuania,197,Church of Christ
Lithuania,197,Church of Christ
Lithuania,15,Church of Jesus Chri
Lithuania,15,Church of Jesus Chri
Lithuania,52,Church of Scientolog
Lithuania,52,Church of Scientolog
Lithuania,19637,Evangelical Lutheran
Lithuania,19637,Evangelical Lutheran
Lithuania,7082,Evangelical Reformis
Lithuania,7082,Evangelical Reformis
Lithuania,364,Greek Catholic
Lithuania,364,Greek Catholic
Lithuania,3512,Jehovah Witness
Lithuania,3512,Jehovah Witness
Lithuania,1272,Judaism
Lithuania,1272,Judaism
Lithuania,258,Karaite
Lithuania,258,Karaite
Lithuania,211,Methodist
Lithuania,211,Methodist
Lithuania,436,Neuapostolische Kirc
Lithuania,436,Neuapostolische Kirc
Lithuania,75,Non-denominational C
Lithuania,75,Non-denominational C
Lithuania,27073,Old Believers
Lithuania,27073,Old Believers
Lithuania,141821,Orthodox
Lithuania,141821,Orthodox
Lithuania,1307,Pentecostal
Lithuania,1307,Pentecostal
Lithuania,660,Protestant
Lithuania,660,Protestant
Lithuania,2752447,Roman Catholic
Lithuania,2752447,Roman Catholic
Lithuania,547,Seventh Day Adventis
Lithuania,547,Seventh Day Adventis
Lithuania,265,Society for Krishna 
Lithuania,265,Society for Krishna 
Lithuania,2860,Sunni Muslims
Lithuania,2860,Sunni Muslims
Lithuania,877,Other
Lithuania,877,Other
Lithuania,331087,No Religion
Lithuania,331087,No Religion
Lithuania,186447,Not Stated
Lithuania,186447,Not Stated
Malawi,13029498,Total
Malawi,10770229,Christian
Malawi,1690087,Islam 
Malawi,242503,Other Religions
Malawi,326679,No Religion
Malawi,9933868,Total
Malawi,7933773,Christian
Malawi,1272429,Islam 
Malawi,304961,Other Religions
Malawi,422705,No Religion
Malaysia,28334135,Total
Malaysia,27484596,Total
Malaysia,5446855,Buddhist
Malaysia,5620483,Buddhist
Malaysia,2617159,Christian
Malaysia,2542254,Christian
Malaysia,346827,Confucianism/Taoism 
Malaysia,356718,Confucianism/Taoism 
Malaysia,1777694,Hindu
Malaysia,1725838,Hindu
Malaysia,16849328,Islam 
Malaysia,17375794,Islam 
Malaysia,111759,Other Religions
Malaysia,109546,Other Religions
Malaysia,197064,No Religion
Malaysia,202763,No Religion
Malaysia,271765,Unknown
Malaysia,266884,Unknown
Marshall Islands,50848,Total
Marshall Islands,13112,Assembly of God
Marshall Islands,27849,Protestant
Marshall Islands,4255,Roman Catholic
Marshall Islands,5632,Other
Mauritius,1236817,Total
Mauritius,4428,Adventist
Mauritius,10,Ahir
Mauritius,1265,Ahmadhya
Mauritius,70,Apostolic
Mauritius,296,Arya Samajist
Mauritius,134,Aryan
Mauritius,8692,Assembly of God
Mauritius,645,Baha'i
Mauritius,52,Baptist
Mauritius,2172,Buddhist
Mauritius,3103,Chinese
Mauritius,47774,Christian
Mauritius,53,Christian Tamil
Mauritius,2788,Church of England
Mauritius,199,Evangelical
Mauritius,77,Full Gospel Church
Mauritius,469313,Hindu
Mauritius,59178,Islam 
Mauritius,43,Jewish
Mauritius,66,Kabir Panthis
Mauritius,20654,Marathi & Marathi Hi
Mauritius,29,Methodist
Mauritius,3731,Mission Salut et Gue
Mauritius,40,Mormon
Mauritius,153505,Muslim
Mauritius,501,Presbyterian
Mauritius,620,Protestant
Mauritius,48,Puranic
Mauritius,2320,Rajput
Mauritius,223,Revived
Mauritius,324811,Roman Catholic
Mauritius,72036,Tamil and Tamil Hind
Mauritius,2173,TÃÂÃÂÃÂÃÂÃÂÃÂÃÂÃÂÃÂÃÂÃÂÃÂÃÂÃÂÃÂÃÂ©moi
Mauritius,27809,Telegu and Telegu Hi
Mauritius,49,Vaish
Mauritius,6318,Vedic
Mauritius,1835,Other
Mauritius,748,Other Christians
Mauritius,183,Other Hindu
Mauritius,8772,No Religion
Mauritius,868,Sanatanist
Mauritius,21,Other Muslims
Mauritius,1398,Not Stated
Mauritius,6817,Christian Pentecosta
Mauritius,34,Christian Orthodox
Mauritius,142,Eglise ChrÃÂÃÂÃÂÃÂÃÂÃÂÃÂÃÂÃÂÃÂ
Mauritius,731,La Voix de la Delivr
Mauritius,43,Peniel Tabernacle
Mexico,112336538,Total
Mexico,92924489,Catholic
Mexico,188326,Church of God
Mexico,27839,Ethnic Churches
Mexico,820744,Historics
Mexico,3760,Islam 
Mexico,1561086,Jehovah Witness
Mexico,67476,Judaism
Mexico,314932,Latter Day Saints
Mexico,18185,Oriental
Mexico,1782021,Pentecostal
Mexico,661878,Seventh Day Adventis
Mexico,35995,Spiritualist
Mexico,5595116,Other Evangelical Ch
Mexico,19636,Other Religions
Mexico,5262546,No Religion
Mexico,3052509,Not Specified
Micronesia (Federate,107008,Total
Micronesia (Federate,972,Baptist
Micronesia (Federate,42879,Congregational
Micronesia (Federate,1123,Latter Day Saints
Micronesia (Federate,56365,Roman Catholic
Micronesia (Federate,793,Seventh Day Adventis
Micronesia (Federate,4066,Other Religions
Micronesia (Federate,57,Refused to answer
Micronesia (Federate,753,No Religion
Mongolia,1905969,Total
Mongolia,1009357,Buddhist
Mongolia,41117,Christian
Mongolia,57702,Muslim
Mongolia,6933,Other
Mongolia,735686,No Religion
Mongolia,55174,Shaman
Montenegro,620029,Total
Montenegro,894,Adventist
Montenegro,451,Agnostic
Montenegro,7667,Atheist
Montenegro,118,Buddhist
Montenegro,21299,Catholic
Montenegro,1460,Christian
Montenegro,145,Jehovah Witness
Montenegro,118477,Muslim
Montenegro,143,Protestant
Montenegro,6337,Other
Montenegro,16180,Not Declared
Montenegro,446858,Christian Orthodox
Montenegro,0,Unknown
Montserrat,4303,Total
Montserrat,937,Anglican
Montserrat,158,Church of God
Montserrat,31,Hindu
Montserrat,731,Methodist
Montserrat,609,Pentecostal
Montserrat,59,Rastafarian
Montserrat,498,Roman Catholic
Montserrat,454,Seventh Day Adventis
Montserrat,251,Other Religions
Montserrat,110,No Religion
Montserrat,465,Unknown
Mozambique,20252223,Total
Mozambique,271580,Anglican
Mozambique,5748176,Catholic
Mozambique,3628913,Islam 
Mozambique,2197819,Pentecostal
Mozambique,1346689,Other
Mozambique,3781905,No Religion
Mozambique,3146047,Saio/Zione
Mozambique,131094,Unknown
Nepal,26494504,Total
Nepal,26494504,Total
Nepal,1283,Baha'i
Nepal,1283,Baha'i
Nepal,2396099,Buddhist
Nepal,2396099,Buddhist
Nepal,375699,Christian
Nepal,375699,Christian
Nepal,21551492,Hindu
Nepal,21551492,Hindu
Nepal,1162370,Islam 
Nepal,1162370,Islam 
Nepal,3214,Jains
Nepal,3214,Jains
Nepal,807169,Kirati
Nepal,807169,Kirati
Nepal,609,Sikh
Nepal,609,Sikh
Nepal,61581,Other
Nepal,61581,Other
Nepal,134988,Unknown
Nepal,134988,Unknown
New Zealand,4027947,Total
New Zealand,16191,Adventist
New Zealand,554925,Anglican
New Zealand,2772,Baha'i
New Zealand,56913,Baptist
New Zealand,19617,Brethren
New Zealand,52362,Buddhist
New Zealand,508437,Catholic
New Zealand,186234,Christian
New Zealand,2988,Church of Christ
New Zealand,357,Church of Scientolog
New Zealand,64392,Hindu
New Zealand,36072,Islam 
New Zealand,111,Jains
New Zealand,17907,Jehovah Witness
New Zealand,6858,Jewish
New Zealand,43539,Latter Day Saints
New Zealand,4476,Lutheran
New Zealand,121806,Methodist
New Zealand,3543,New Age
New Zealand,242607,Object
New Zealand,195,Oriental Christian
New Zealand,13194,Orthodox
New Zealand,79155,Pentecostal
New Zealand,3951,Protestant
New Zealand,50568,Ratana
New Zealand,16419,Ringatu
New Zealand,11490,Salvation Army
New Zealand,1167,Satanist
New Zealand,9507,Sikh
New Zealand,7743,Spiritualist
New Zealand,1419,United Church
New Zealand,1071,Zoroastrian
New Zealand,43371,Other
New Zealand,3795,Other Christians
New Zealand,1297104,No Religion
New Zealand,292971,Not Stated
New Zealand,912,Chinese Religions
New Zealand,400836,Presbyterian and Ref
New Zealand,384,Japanese Religions
New Zealand,7122,Nature and earth bas
New Zealand,579,MÃÂÃÂÃÂÃÂÃÂÃÂÃÂÃÂÃÂÃÂÃÂÃÂÃÂÃÂÃÂÃÂori
New Zealand,2412,MÃÂÃÂÃÂÃÂÃÂÃÂÃÂÃÂÃÂÃÂÃÂÃÂÃÂÃÂÃÂÃÂori
New Zealand,2202,Theism
Nicaragua,4537200,Total
Nicaragua,2652985,Catholic
Nicaragua,981795,Evangelical
Nicaragua,42587,Jehovah Witness
Nicaragua,199,Judaism
Nicaragua,73902,Moravian
Nicaragua,321,Muslim
Nicaragua,74101,Other
Nicaragua,711310,No Religion
Niue,1736,Total
Niue,158,Latter Day Saints
Niue,128,Roman Catholic
Niue,25,Seventh Day Adventis
Niue,151,Other
Niue,43,Jehovah's Witnesses
Niue,104,Not Stated
Niue,34,None
Niue,1093,Ekalesia Niue
Norfolk Island,2302,Total
Norfolk Island,307,Catholic
Norfolk Island,755,Church of England
Norfolk Island,61,Seventh Day Adventis
Norfolk Island,228,Other Religions
Norfolk Island,499,No Religion
Norfolk Island,150,Not Stated
Norfolk Island,302,Uniting Church
Palau,19907,Total
Palau,9825,Catholic
Palau,222,Jehovah Witness
Palau,143,Mormon
Palau,4610,Protestant
Palau,1046,Seventh Day Adventis
Palau,1613,Other
Palau,493,Other Protestant
Palau,1733,Modekngei
Palau,222,None or Refused
Paraguay,3892603,Total
Paraguay,2190,Buddhist
Paraguay,3488086,Catholic
Paraguay,239573,Evangelical
Paraguay,151,Hindu
Paraguay,872,Islam 
Paraguay,1100,Judaism
Paraguay,1445,Orthodox
Paraguay,641,Spiritualist
Paraguay,44275,Other Christians
Paraguay,32730,Other Religions
Paraguay,44334,No Religion
Paraguay,37206,Unknown
Peru,20850502,Total
Peru,16956722,Catholic
Peru,679291,Other Religions
Peru,608434,No Religion
Peru,2606055,Evangelical Christia
Philippines,76332470,Total
Philippines,1508662,Aglipay
Philippines,2002,Association of Bapti
Philippines,148776,Association of Funda
Philippines,176112,Bible Baptist
Philippines,64969,Buddhist
Philippines,217806,Convention of the Ph
Philippines,161444,Episcopal
Philippines,2152786,Evangelical
Philippines,1762845,Iglesia ni Cristo
Philippines,54709,Iglesia Evangelista 
Philippines,7452,International Baptis
Philippines,3862409,Islam 
Philippines,380059,Jehovah Witness
Philippines,181485,Latter Day Saints
Philippines,46918,Lutheran
Philippines,25547,Missionary Baptist C
Philippines,107890,Philippine Benevolen
Philippines,61862898,Roman Catholic
Philippines,12596,Salvation Army
Philippines,609570,Seventh Day Adventis
Philippines,116546,Southern Baptist
Philippines,164080,Tribal
Philippines,416681,United Church of Chr
Philippines,305690,United Methodist Chu
Philippines,1113190,Other
Philippines,69158,Other Baptist Church
Philippines,24520,Other Methodist Chur
Philippines,340765,Other Protestant
Philippines,73799,No Religion
Philippines,351632,Unknown
Portugal,10562178,Total
Portugal,7281887,Catholic
Portugal,3061,Jewish
Portugal,20640,Muslim
Portugal,56550,Orthodox
Portugal,75571,Protestant
Portugal,163338,Other Christians
Portugal,744874,Didn't answer
Portugal,615332,No Religion
Portugal,28596,Other Non-Christians
Portugal,1572329,Unknown
Qatar,744029,Total
Qatar,63212,Christian
Qatar,576391,Muslim
Qatar,104426,Other
Republic of Korea,47041434,Total
Republic of Korea,10726463,Buddhist
Republic of Korea,5146147,Catholic
Republic of Korea,8616438,Christian
Republic of Korea,104575,Confucian
Republic of Korea,163085,Other Religions
Republic of Korea,21865160,No Religion
Republic of Korea,205508,Not Stated
Republic of Korea,129907,Won Buddhist
Republic of Korea,45835,Ch'ondo-gyo
Republic of Korea,3766,Taejong-gyo
Republic of Korea,34550,Daesoonjillihoi
Republic of Moldova,3383332,Total
Republic of Moldova,12724,Atheist
Republic of Moldova,32754,Baptist
Republic of Moldova,5094,Christian of Old Rit
Republic of Moldova,3596,Evangelic Synodal Pr
Republic of Moldova,3158015,Orthodox
Republic of Moldova,9179,Pentecostal
Republic of Moldova,4645,Roman Catholic
Republic of Moldova,13503,Seventh Day Adventis
Republic of Moldova,29813,Other
Republic of Moldova,33207,No Religion
Republic of Moldova,5075,Evangelical Christia
Republic of Moldova,75727,Not Stated
Romania,21680974,Total
Romania,21680974,Total
Romania,8524,Atheist
Romania,8524,Atheist
Romania,126639,Baptist
Romania,126639,Baptist
Romania,44476,Christian by Gospel
Romania,44476,Christian by Gospel
Romania,38147,Christian of Old Rit
Romania,38147,Christian of Old Rit
Romania,8716,Evangelic Augustan C
Romania,8716,Evangelic Augustan C
Romania,18178,Evangelical
Romania,18178,Evangelical
Romania,27112,Evangelical Lutheran
Romania,27112,Evangelical Lutheran
Romania,191556,Greek Catholic
Romania,191556,Greek Catholic
Romania,6057,Mosaic
Romania,6057,Mosaic
Romania,67257,Muslim
Romania,67257,Muslim
Romania,18817975,Orthodox
Romania,18817975,Orthodox
Romania,324462,Pentecostal
Romania,324462,Pentecostal
Romania,701077,Reformed Churches
Romania,701077,Reformed Churches
Romania,1026429,Roman Catholic
Romania,1026429,Roman Catholic
Romania,93670,Seventh Day Adventis
Romania,93670,Seventh Day Adventis
Romania,66944,Unitarian
Romania,66944,Unitarian
Romania,89196,Other
Romania,89196,Other
Romania,12825,No Religion
Romania,12825,No Religion
Romania,11734,Not Stated
Romania,11734,Not Stated
Rwanda,7963809,Total
Rwanda,971547,Adventist
Rwanda,5855,Animist
Rwanda,3945336,Catholic
Rwanda,36008,Jehovah Witness
Rwanda,144968,Muslim
Rwanda,2164026,Protestant
Rwanda,320438,Other Christians
Rwanda,47056,Other Religions
Rwanda,289906,No Religion
Rwanda,38669,Not Specified
Saint Helena ex. dep,4257,Total
Saint Helena ex. dep,0,Agnostic
Saint Helena ex. dep,37,Apostolic
Saint Helena ex. dep,9,Baha'i
Saint Helena ex. dep,115,Baptist
Saint Helena ex. dep,0,Catholic
Saint Helena ex. dep,0,Christian
Saint Helena ex. dep,3394,Church of England
Saint Helena ex. dep,224,Jehovah Witness
Saint Helena ex. dep,0,Methodist
Saint Helena ex. dep,0,Presbyterian
Saint Helena ex. dep,55,Roman Catholic
Saint Helena ex. dep,77,Salvation Army
Saint Helena ex. dep,83,Seventh Day Adventis
Saint Helena ex. dep,202,Other
Saint Helena ex. dep,0,Other Christians
Saint Helena ex. dep,0,Other Religions
Saint Helena ex. dep,0,No Religion
Saint Helena ex. dep,61,Not Stated
Saint Helena ex. dep,0,Unknown
Saint Lucia,157189,Total
Saint Lucia,3149,Anglican
Saint Lucia,73,Baha'i
Saint Lucia,2962,Baptist
Saint Lucia,154,Brethren
Saint Lucia,2322,Church of God
Saint Lucia,2980,Evangelical
Saint Lucia,317,Hindu
Saint Lucia,1582,Jehovah Witness
Saint Lucia,826,Methodist
Saint Lucia,9,Moravian
Saint Lucia,222,Muslim
Saint Lucia,9003,Pentecostal
Saint Lucia,60,Presbyterian
Saint Lucia,3233,Rastafarian
Saint Lucia,105755,Roman Catholic
Saint Lucia,135,Salvation Army
Saint Lucia,13499,Seventh Day Adventis
Saint Lucia,1253,Other
Saint Lucia,7161,None
Saint Lucia,2494,Unknown
Samoa,176710,Total
Samoa,335,Anglican
Samoa,11742,Assembly of God
Samoa,902,Baha'i
Samoa,436,Baptist
Samoa,34714,Catholic
Samoa,61413,Congregational
Samoa,1440,Full Gospel Church
Samoa,1362,Jehovah Witness
Samoa,22521,Latter Day Saints
Samoa,26446,Methodist
Samoa,48,Muslim
Samoa,744,Nazarene
Samoa,392,Protestant
Samoa,6193,Seventh Day Adventis
Samoa,1102,Other
Samoa,213,Not Stated
Samoa,132,Elim
Samoa,2346,Worship Centre
Samoa,1788,CCCJS
Samoa,629,Voice of Christ
Samoa,563,Community Church
Samoa,216,Samoa Evangelism
Samoa,380,Peace Chapel
Samoa,653,Aoga Tusi Paia
Sao Tome and Princip,137599,Total
Sao Tome and Princip,2418,Adventist
Sao Tome and Princip,96684,Catholic
Sao Tome and Princip,4616,Evangelical
Sao Tome and Princip,4212,Other
Sao Tome and Princip,2756,Non-Apostolic
Sao Tome and Princip,26913,Unknown
Serbia,7186862,Total
Serbia,4010,Agnostic
Serbia,80053,Atheist
Serbia,356957,Catholic
Serbia,222828,Islam 
Serbia,578,Judaism
Serbia,71284,Protestant
Serbia,6079396,Serbian Orthodox
Serbia,48294,Other Christians
Serbia,1776,Other Religions
Serbia,220735,Didn't answer
Serbia,1237,Eastern religion
Serbia,99714,Unknown
Seychelles,81755,Total
Seychelles,5220,Anglican
Seychelles,392,Baha'i
Seychelles,1700,Hindu
Seychelles,508,Jehovah Witness
Seychelles,866,Muslim
Seychelles,67280,Roman Catholic
Seychelles,907,Seventh Day Adventis
Seychelles,2291,Other Christians
Seychelles,511,No Religion
Seychelles,820,Other Non-Christians
Seychelles,1260,Unknown
Singapore,3105748,Total
Singapore,1032879,Buddhist
Singapore,219133,Catholic
Singapore,569244,Christian
Singapore,157854,Hindu
Singapore,457435,Islam 
Singapore,10744,Sikh
Singapore,339149,Taoist
Singapore,350111,Other Christians
Singapore,10891,Other Religions
Singapore,527553,No Religion
Slovakia,5397036,Total
Slovakia,5831,Apostolic
Slovakia,1065,Baha'i
Slovakia,7720,Christian
Slovakia,972,Church of Jesus Chri
Slovakia,1782,Czechoslovak Hussite
Slovakia,316250,Evangelic of Augsbur
Slovakia,10328,Evangelic Methodist 
Slovakia,3396,Fraternity Church
Slovakia,17222,Jehovah Witness
Slovakia,1999,Jewish
Slovakia,166,New Apostolic
Slovakia,1687,Old Catholic Church
Slovakia,49133,Orthodox
Slovakia,98797,Reformed Christian
Slovakia,3347277,Roman Catholic
Slovakia,2915,Seventh Day Adventis
Slovakia,23340,Other
Slovakia,725362,No Religion
Slovakia,571437,Not Stated
Slovakia,206871,Byzantine Catholic C
Slovakia,3486,Baptists Fraternity 
Slovenia,1964036,Total
Slovenia,1964036,Total
Slovenia,271,Agnostic
Slovenia,271,Agnostic
Slovenia,199264,Atheist
Slovenia,199264,Atheist
Slovenia,1135626,Catholic
Slovenia,1135626,Catholic
Slovenia,14736,Evangelical
Slovenia,14736,Evangelical
Slovenia,47488,Islam 
Slovenia,47488,Islam 
Slovenia,99,Jewish
Slovenia,99,Jewish
Slovenia,1026,Oriental
Slovenia,1026,Oriental
Slovenia,45908,Orthodox
Slovenia,45908,Orthodox
Slovenia,558,Other
Slovenia,558,Other
Slovenia,1877,Other Christians
Slovenia,1877,Other Christians
Slovenia,1399,Other Protestant
Slovenia,1399,Other Protestant
Slovenia,307973,Didn't answer
Slovenia,307973,Didn't answer
Slovenia,68714,No Afiliation
Slovenia,68714,No Afiliation
Slovenia,139097,Unknown
Slovenia,139097,Unknown
South Africa,44819778,Total
South Africa,44819778,Total
South Africa,125903,African Traditional 
South Africa,125903,African Traditional 
South Africa,1722076,Anglican
South Africa,1722076,Anglican
South Africa,246190,Apostolic Faith Miss
South Africa,246190,Apostolic Faith Miss
South Africa,691237,Baptist
South Africa,691237,Baptist
South Africa,3181336,Catholic
South Africa,3181336,Catholic
South Africa,508825,Congregational
South Africa,508825,Congregational
South Africa,3005698,Dutch Reformed
South Africa,3005698,Dutch Reformed
South Africa,880414,Ethiopian Churches
South Africa,880414,Ethiopian Churches
South Africa,551669,Hindu
South Africa,551669,Hindu
South Africa,654064,Islam 
South Africa,654064,Islam 
South Africa,75555,Judaism
South Africa,75555,Judaism
South Africa,1130987,Lutheran
South Africa,1130987,Lutheran
South Africa,3305404,Methodist
South Africa,3305404,Methodist
South Africa,42251,Orthodox
South Africa,42251,Orthodox
South Africa,3422749,Pentecostal
South Africa,3422749,Pentecostal
South Africa,832495,Presbyterian
South Africa,832495,Presbyterian
South Africa,656644,Other African Indepe
South Africa,656644,Other African Indepe
South Africa,5609070,Other Apostolic Chur
South Africa,5609070,Other Apostolic Chur
South Africa,3195477,Other Christians
South Africa,3195477,Other Christians
South Africa,226495,Other Reformed Churc
South Africa,226495,Other Reformed Churc
South Africa,1887147,Other Zionist Church
South Africa,1887147,Other Zionist Church
South Africa,610971,Refused to answer
South Africa,610971,Refused to answer
South Africa,6767165,No Religion
South Africa,6767165,No Religion
South Africa,4971932,Zion Christian Churc
South Africa,4971932,Zion Christian Churc
South Africa,248824,Ibandlalama Nazareth
South Africa,248824,Ibandlalama Nazareth
Sri Lanka,20263723,Total
Sri Lanka,14222844,Buddhist
Sri Lanka,2554606,Hindu
Sri Lanka,1967227,Islam 
Sri Lanka,1237038,Roman Catholic
Sri Lanka,9440,Other
Sri Lanka,272568,Other Christians
State of Palestine,3669244,Total
State of Palestine,43179,Christian
State of Palestine,3568020,Islam 
State of Palestine,1051,Other
State of Palestine,56994,Not Stated
Suriname,492829,Total
Suriname,200744,Christian
Suriname,98240,Hindu
Suriname,66307,Islam 
Suriname,16291,Traditional
Suriname,12258,Other
Suriname,77204,Not Stated
Suriname,21785,None
Switzerland,7288010,Total
Switzerland,310807,Islam 
Switzerland,17914,Judaism
Switzerland,13312,Old Catholic Church
Switzerland,2408049,Reformed Churches
Switzerland,3047887,Roman Catholic
Switzerland,14385,Other Christians
Switzerland,161075,Other Protestant
Switzerland,57126,Other Religions
Switzerland,809838,No Afiliation
Switzerland,131851,Christian Orthodox
Switzerland,315766,Unknown
TFYR of Macedonia,2022547,Total
TFYR of Macedonia,7008,Catholic
TFYR of Macedonia,674015,Islam 
TFYR of Macedonia,1310184,Orthodox
TFYR of Macedonia,520,Protestant
TFYR of Macedonia,30820,Other
Thailand,65981659,Total
Thailand,61746429,Buddhist
Thailand,789376,Christian
Thailand,16718,Confucian
Thailand,41808,Hindu
Thailand,3259340,Islam 
Thailand,66922,Other Religions
Thailand,46122,No Religion
Thailand,14944,Unknown
Timor-Leste,741530,Total
Timor-Leste,484,Buddhist
Timor-Leste,715285,Catholic
Timor-Leste,191,Hindu
Timor-Leste,2455,Islam 
Timor-Leste,5883,Traditional
Timor-Leste,616,Other
Timor-Leste,16616,Protestant Evangelic
Tokelau,1143,Total
Tokelau,665,Christian Congregati
Tokelau,1,New Age
Tokelau,21,Presbyterian
Tokelau,418,Roman Catholic
Tokelau,32,Other Christians
Tokelau,6,Not Stated
Tonga,101991,Total
Tonga,765,Anglican
Tonga,2350,Assembly of God
Tonga,686,Baha'i
Tonga,71,Buddhist
Tonga,7295,Church of Tonga
Tonga,11599,Free Church of Tonga
Tonga,38052,Free Wesleyan Church
Tonga,243,Full Gospel Church
Tonga,104,Hindu
Tonga,47,Islam 
Tonga,17109,Latter Day Saints
Tonga,15922,Roman Catholic
Tonga,2282,Seventh Day Adventis
Tonga,2597,Tokaikolo Christian 
Tonga,202,Other
Tonga,1509,Refused to answer
Tonga,28,No Religion
Tonga,189,Not Stated
Tonga,941,Constitutional Churc
Tuvalu,9359,Total
Tuvalu,177,Baha'i
Tuvalu,47,Catholic
Tuvalu,78,Jehovah Witness
Tuvalu,183,Seventh Day Adventis
Tuvalu,133,Other
Tuvalu,166,Brethren Assembly
Tuvalu,24,Apostolic Church
Tuvalu,30,New Testament Church
Tuvalu,8521,Church of Tuvalu
Uganda,24433132,Total
Uganda,24433132,Total
Uganda,8782821,Anglican
Uganda,8782821,Anglican
Uganda,10242594,Catholic
Uganda,10242594,Catholic
Uganda,2956121,Muslim
Uganda,2956121,Muslim
Uganda,1129647,Pentecostal
Uganda,1129647,Pentecostal
Uganda,367972,Seventh Day Adventis
Uganda,367972,Seventh Day Adventis
Uganda,741589,Other
Uganda,741589,Other
Uganda,212388,No Religion
Uganda,212388,No Religion
United Kingdom of Gr,58789194,Total
United Kingdom of Gr,151816,Buddhist
United Kingdom of Gr,42079417,Christian
United Kingdom of Gr,558810,Hindu
United Kingdom of Gr,266740,Jewish
United Kingdom of Gr,1591126,Muslim
United Kingdom of Gr,336149,Sikh
United Kingdom of Gr,178837,Other
United Kingdom of Gr,9337580,No Religion
United Kingdom of Gr,4288719,Not Specified
Viet Nam,76323173,Total
Viet Nam,61570544,No Religion
Viet Nam,33658,Not Specified
Viet Nam,7104930,Phat giao - Buddhist
Viet Nam,5111119,Cong giao - Catholic
Viet Nam,410134,Tin lanh - Protestan
Viet Nam,63147,Hoi giao - Muslim
Viet Nam,856745,Cao daii - Cao Dai
Viet Nam,1172896,Hoa hao - Hoa Hao
